===================== Cassandra: CQL Queries and Results
Find the numClicks for OwnerId = 1, AdId = 3.

CREATE TABLE data (
    OwnerId INT,
    AdId INT,
    numClicks INT,
    numImpressions INT,
    PRIMARY KEY(OwnerId, AdId)
);

INSERT INTO data (OwnerId, AdId, numClicks) VALUES (1,1,1);
INSERT INTO data (OwnerId, AdId, numClicks) VALUES (1,2,0);
INSERT INTO data (OwnerId, AdId, numClicks) VALUES (1,3,1);
INSERT INTO data (OwnerId, AdId, numClicks) VALUES (1,4,0);
INSERT INTO data (OwnerId, AdId, numClicks) VALUES (2,1,0);
INSERT INTO data (OwnerId, AdId, numClicks) VALUES (2,2,0);
INSERT INTO data (OwnerId, AdId, numClicks) VALUES (2,3,0);
INSERT INTO data (OwnerId, AdId, numClicks) VALUES (2,4,0);
INSERT INTO data (OwnerId, AdId, numClicks) VALUES (3,1,1);
INSERT INTO data (OwnerId, AdId, numClicks) VALUES (3,2,0);
INSERT INTO data (OwnerId, AdId, numClicks) VALUES (3,3,2);
INSERT INTO data (OwnerId, AdId, numClicks) VALUES (3,4,1);
INSERT INTO data (OwnerId, AdId, numImpressions) VALUES (1,1,10);
INSERT INTO data (OwnerId, AdId, numImpressions) VALUES (1,2,5);
INSERT INTO data (OwnerId, AdId, numImpressions) VALUES (1,3,20);
INSERT INTO data (OwnerId, AdId, numImpressions) VALUES (1,4,15);
INSERT INTO data (OwnerId, AdId, numImpressions) VALUES (2,1,10);
INSERT INTO data (OwnerId, AdId, numImpressions) VALUES (2,2,55);
INSERT INTO data (OwnerId, AdId, numImpressions) VALUES (2,3,13);
INSERT INTO data (OwnerId, AdId, numImpressions) VALUES (2,4,21);
INSERT INTO data (OwnerId, AdId, numImpressions) VALUES (3,1,32);
INSERT INTO data (OwnerId, AdId, numImpressions) VALUES (3,2,23);
INSERT INTO data (OwnerId, AdId, numImpressions) VALUES (3,3,44);
INSERT INTO data (OwnerId, AdId, numImpressions) VALUES (3,4,36);


SELECT ownerid, adid, numclicks FROM data WHERE ownerid = 1 AND adid = 3;

 ownerid | adid | numclicks
---------+------+-----------
       1 |    3 |         1

(1 rows)


Find the numClicks for OwnerId = 2.

SELECT ownerid, adid, numclicks FROM data WHERE ownerid = 2;

 ownerid | adid | numclicks
---------+------+-----------
       2 |    1 |         0
       2 |    2 |         0
       2 |    3 |         0
       2 |    4 |         0

(4 rows)

===================== Cassandra: Python Code

import logging

log = logging.getLogger()
#log.setLevel('DEBUG')
log.setLevel('WARN')
handler = logging.StreamHandler()
handler.setFormatter(logging.Formatter("%(asctime)s [%(levelname)s] %(name)s: %(message)s"))
log.addHandler(handler)

from cassandra import ConsistencyLevel
from cassandra.cluster import Cluster
from cassandra.query import SimpleStatement

KEYSPACE = "partone"

def main():
    cluster = Cluster(['127.0.0.1'])
    session = cluster.connect()

    log.info("creating keyspace...")
    session.execute("""
        CREATE KEYSPACE IF NOT EXISTS %s
        WITH replication = { 'class': 'SimpleStrategy', 'replication_factor': '2' }
        """ % KEYSPACE)

    log.info("setting keyspace...")
    session.set_keyspace(KEYSPACE)

    log.info("creating table...")
    session.execute("""
        CREATE TABLE IF NOT EXISTS data (
            OwnerId INT,
            AdId INT,
            numClicks INT,
            numImpressions INT,
            PRIMARY KEY(OwnerId, AdId)
        );
 
        """)
    session.execute("INSERT INTO data (OwnerId, AdId, numClicks) VALUES (1,1,1)")
    session.execute("INSERT INTO data (OwnerId, AdId, numClicks) VALUES (1,2,0)")
    session.execute("INSERT INTO data (OwnerId, AdId, numClicks) VALUES (1,3,1)")
    session.execute("INSERT INTO data (OwnerId, AdId, numClicks) VALUES (1,4,0)")
    session.execute("INSERT INTO data (OwnerId, AdId, numClicks) VALUES (2,1,0)")
    session.execute("INSERT INTO data (OwnerId, AdId, numClicks) VALUES (2,2,0)")
    session.execute("INSERT INTO data (OwnerId, AdId, numClicks) VALUES (2,3,0)")
    session.execute("INSERT INTO data (OwnerId, AdId, numClicks) VALUES (2,4,0)")
    session.execute("INSERT INTO data (OwnerId, AdId, numClicks) VALUES (3,1,1)")
    session.execute("INSERT INTO data (OwnerId, AdId, numClicks) VALUES (3,2,0)")
    session.execute("INSERT INTO data (OwnerId, AdId, numClicks) VALUES (3,3,2)")
    session.execute("INSERT INTO data (OwnerId, AdId, numClicks) VALUES (3,4,1)")
    session.execute("INSERT INTO data (OwnerId, AdId, numImpressions) VALUES (1,1,10)")
    session.execute("INSERT INTO data (OwnerId, AdId, numImpressions) VALUES (1,2,5)")
    session.execute("INSERT INTO data (OwnerId, AdId, numImpressions) VALUES (1,3,20)")
    session.execute("INSERT INTO data (OwnerId, AdId, numImpressions) VALUES (1,4,15)")
    session.execute("INSERT INTO data (OwnerId, AdId, numImpressions) VALUES (2,1,10)")
    session.execute("INSERT INTO data (OwnerId, AdId, numImpressions) VALUES (2,2,55)")
    session.execute("INSERT INTO data (OwnerId, AdId, numImpressions) VALUES (2,3,13)")
    session.execute("INSERT INTO data (OwnerId, AdId, numImpressions) VALUES (2,4,21)")
    session.execute("INSERT INTO data (OwnerId, AdId, numImpressions) VALUES (3,1,32)")
    session.execute("INSERT INTO data (OwnerId, AdId, numImpressions) VALUES (3,2,23)")
    session.execute("INSERT INTO data (OwnerId, AdId, numImpressions) VALUES (3,3,44)")
    session.execute("INSERT INTO data (OwnerId, AdId, numImpressions) VALUES (3,4,36)")

    future = session.execute_async("SELECT * FROM data")

    try:
        rows = future.result()
    except Exception:
        log.exeception()
        
    numClicks = {}
    numImpressions = {}

    print "OwnerId\tnumclicks/numImpressions"
    for row in rows:
        numClicks[row[0]] = numClicks.get(row[0], 0) + row[2]
        numImpressions[row[0]] = numImpressions.get(row[0], 0) + row[3]
    
    for i in range(2, 3): 
        print i, "\t", float(numClicks[i])/numImpressions[i]

    session.execute("DROP KEYSPACE " + KEYSPACE)

if __name__ == "__main__":
    main()

===================== Cassandra: Output of Running the Python Code

Find the ctr (numClicks/numImpressions) for each OwnerId, AdId pair.

OwnerId	AdId	numclicks/numImpressions
1 		1 		0.1
1 		2 		0.0
1 		3 		0.05
1 		4 		0.0
2 		1 		0.0
2 		2 		0.0
2 		3 		0.0
2 		4 		0.0
3 		1 		0.03125
3 		2 		0.0
3 		3 		0.0454545454545
3 		4 		0.0277777777778

Compute the ctr for each OwnerId.

OwnerId	numclicks/numImpressions
1 	0.04
2 	0.0
3 	0.0296296296296

Compute the ctr for OwnerId = 1, AdId = 3.
OwnerId	AdId	numclicks/numImpressions
1 		3 		0.05

Compute the ctr for OwnerId = 2.

OwnerId	numclicks/numImpressions
2 	0.0

===================== MongoDB Queries and Outputs

$ mongoimport --db zipcodes --collection zipdata --file /home/leahxu/datascience-fall14/lab7/zipData.json

Return cities with population less than 5 million grouped by state.

db.zipout.insert(db.zipdata.aggregate( { $group:
                         { _id: { state: "$state", city: "$city" },
                           pop: { $sum: "$pop" } } },
                      { $match: { pop: { $lt: 5*1000*1000 } } } ))


Return states sorted by their total city population.

db.zipout.insert(db.zipdata.aggregate( { $group :
                         { _id : "$state",
                           pop : { $sum : "$pop" } } },
                       { $sort : {pop : 1 } } ))

Return the cities with minimum population by state.

ASSUMPTION: Return the city with minimum population for each state. 

db.zipout.insert(db.zipdata.aggregate( { $group:
                         { _id: { state: "$state", city: "$city" },
                           pop: { $sum: "$pop" } } },
                       { $sort: { pop: 1 } },
                       { $group:
                         { _id : "$_id.state",
                           smallestCity: { $first: "$_id.city" },
                           smallestPop:  { $first: "$pop" } } },
                       { $project:
                         { _id: 0,
                           state: "$_id",
                           smallestCity: { name: "$smallestCity", pop: "$smallestPop" } } } ))

mongoexport --db zipcodes --collection zipout --out aggregateout.json

Output for these three queries are in aggregateout.json

MapReduce operation to compute, for each state, the average population over the cities associated with the state. 

var map = function() { emit(this.state, this.pop) };

var reduce = function(state, pop) { return Array.avg(pop); };

db.zipdata.mapReduce( map, reduce, { out: "zip_mapred" });

db.zip_mapred.find()

{
    "result" : "zip_mapred",
    "timeMillis" : 346,
    "counts" : {
        "input" : 29352,
        "emit" : 29352,
        "reduce" : 346,
        "output" : 51
    },
    "ok" : 1,
}

mongoexport --db zipcodes --collection zip_mapred --out mapred.json

{ "_id" : "AK", "value" : 1643.701756024659 }
{ "_id" : "AL", "value" : 6604.685668130592 }
{ "_id" : "AR", "value" : 17500.82672170431 }
{ "_id" : "AZ", "value" : 6185.837629480769 }
{ "_id" : "CA", "value" : 5014.419895507914 }
{ "_id" : "CO", "value" : 3794.961518103799 }
{ "_id" : "CT", "value" : 13052.60428171916 }
{ "_id" : "DC", "value" : 25287.5 }
{ "_id" : "DE", "value" : 6602.386111111111 }
{ "_id" : "FL", "value" : 10550.25379745346 }
{ "_id" : "GA", "value" : 8337.455969617935 }
{ "_id" : "HI", "value" : 13852.8625 }
{ "_id" : "IA", "value" : 6096.249782249409 }
{ "_id" : "ID", "value" : 3725.159435839624 }
{ "_id" : "IL", "value" : 1416.516866915694 }
{ "_id" : "IN", "value" : 3053.826130356627 }
{ "_id" : "KS", "value" : 2213.411228621649 }
{ "_id" : "KY", "value" : 3517.082908698895 }
{ "_id" : "LA", "value" : 3673.121274443832 }
{ "_id" : "MA", "value" : 9098.16854810248 }
{ "_id" : "MD", "value" : 5066.822515039222 }
{ "_id" : "ME", "value" : 2433.125377297218 }
{ "_id" : "MI", "value" : 1645.942246243009 }
{ "_id" : "MN", "value" : 1428.75209508176 }
{ "_id" : "MO", "value" : 5102.039132812917 }
{ "_id" : "MS", "value" : 5804.426787527083 }
{ "_id" : "MT", "value" : 3876.597361511872 }
{ "_id" : "NC", "value" : 7157.774679963953 }
{ "_id" : "ND", "value" : 999.6416525355174 }
{ "_id" : "NE", "value" : 2049.655486397137 }
{ "_id" : "NH", "value" : 4444.654204979071 }
{ "_id" : "NJ", "value" : 18275.35019517836 }
{ "_id" : "NM", "value" : 3604.686136336608 }
{ "_id" : "NV", "value" : 11814.46105263158 }
{ "_id" : "NY", "value" : 3573.505662697859 }
{ "_id" : "OH", "value" : 5918.86061173686 }
{ "_id" : "OK", "value" : 4057.27972249047 }
{ "_id" : "OR", "value" : 2523.531360208975 }
{ "_id" : "PA", "value" : 12061.78461275769 }
{ "_id" : "RI", "value" : 17771.14772727273 }
{ "_id" : "SC", "value" : 8134.415564779511 }
{ "_id" : "SD", "value" : 1455.390598112626 }
{ "_id" : "TN", "value" : 4165.247522780719 }
{ "_id" : "TX", "value" : 15275.60145655201 }
{ "_id" : "UT", "value" : 3275.993471478296 }
{ "_id" : "VA", "value" : 5260.91391472198 }
{ "_id" : "VT", "value" : 741.5051456528378 }
{ "_id" : "WA", "value" : 9744.639544937971 }
{ "_id" : "WI", "value" : 7762.805372010174 }
{ "_id" : "WV", "value" : 1360.30251677032 }
{ "_id" : "WY", "value" : 3282.628703703704 }


